n03384167,148 , 271,2,587,images/n03384167_116.png
n03384167,7 , 371,67,142,images/n03384167_337.png
n03384167,23 , 141,3,156,images/n03384167_640.png
n03384167,29 , 374,180,245,images/n03384167_645.png
n03384167,0 , 493,40,310,images/n03384167_723.png
n03384167,3 , 249,2,165,images/n03384167_726.png
n03384167,41 , 196,112,279,images/n03384167_834.png
n03384167,115 , 338,4,196,images/n03384167_920.png
n03384167,3 , 227,9,175,images/n03384167_1054.png
n03384167,1 , 295,17,115,images/n03384167_1508.png
n03384167,55 , 168,101,362,images/n03384167_1569.png
n03384167,1 , 298,38,439,images/n03384167_1615.png
n03384167,4 , 332,134,303,images/n03384167_1690.png
n03384167,37 , 377,53,270,images/n03384167_2135.png
n03384167,1 , 351,16,129,images/n03384167_2414.png
n03384167,9 , 230,14,224,images/n03384167_2935.png
n03384167,8 , 420,3,549,images/n03384167_3267.png
n03384167,177 , 515,23,336,images/n03384167_3279.png
n03384167,12 , 315,85,152,images/n03384167_3511.png
n03384167,0 , 337,179,292,images/n03384167_3668.png
n03384167,3 , 365,11,387,images/n03384167_3736.png
n03384167,28 , 455,81,280,images/n03384167_3808.png
n03384167,125 , 615,249,851,images/n03384167_3927.png
n03384167,80 , 143,64,104,images/n03384167_4119.png
n03384167,50 , 188,0,450,images/n03384167_4147.png
n03384167,35 , 361,120,203,images/n03384167_4174.png
n03384167,92 , 374,216,455,images/n03384167_4292.png
n03384167,46 , 333,149,216,images/n03384167_4320.png
n03384167,1 , 370,78,313,images/n03384167_4650.png
n03384167,50 , 498,45,123,images/n03384167_4799.png
n03384167,1 , 466,26,347,images/n03384167_5810.png
n03384167,122 , 214,56,475,images/n03384167_5993.png
n03384167,37 , 334,12,499,images/n03384167_6128.png
n03384167,76 , 342,22,486,images/n03384167_6313.png
n03384167,20 , 198,21,155,images/n03384167_6361.png
n03384167,19 , 290,64,480,images/n03384167_6383.png
n03384167,16 , 312,112,166,images/n03384167_6521.png
n03384167,15 , 383,83,144,images/n03384167_6630.png
n03384167,27 , 258,269,349,images/n03384167_6989.png
n03384167,4 , 56,5,94,images/n03384167_6991.png
n03384167,8 , 225,39,143,images/n03384167_7515.png
n03384167,32 , 268,0,318,images/n03384167_7653.png
n03384167,72 , 222,27,248,images/n03384167_7655.png
n03384167,4 , 76,16,119,images/n03384167_7939.png
n03384167,16 , 121,177,212,images/n03384167_8110.png
n03384167,111 , 279,0,499,images/n03384167_8628.png
n03384167,3 , 225,4,197,images/n03384167_9042.png
n03384167,2 , 468,91,312,images/n03384167_9177.png
n03384167,0 , 498,192,332,images/n03384167_9277.png
n03384167,5 , 219,90,128,images/n03384167_9335.png
n03384167,13 , 439,20,190,images/n03384167_9578.png
n03384167,2 , 154,2,299,images/n03384167_9657.png
n03384167,40 , 415,26,86,images/n03384167_10022.png
n03384167,0 , 149,49,128,images/n03384167_10109.png
n03384167,1 , 263,0,263,images/n03384167_10554.png
n03384167,5 , 104,6,387,images/n03384167_10823.png
n03384167,33 , 64,10,85,images/n03384167_10973.png
n03384167,6 , 202,22,249,images/n03384167_11003.png
n03384167,86 , 204,15,256,images/n03384167_11166.png
n03384167,29 , 135,20,185,images/n03384167_11181.png
n03384167,38 , 179,4,480,images/n03384167_11460.png
n03384167,155 , 355,231,277,images/n03384167_11733.png
n03384167,19 , 133,131,179,images/n03384167_11782.png
n03384167,58 , 233,29,245,images/n03384167_12042.png
n03384167,9 , 353,152,217,images/n03384167_12161.png
n03384167,79 , 189,9,302,images/n03384167_12190.png
n03384167,0 , 311,92,323,images/n03384167_12291.png
n03384167,0 , 87,2,342,images/n03384167_12340.png
n03384167,107 , 473,55,176,images/n03384167_12977.png
n03384167,96 , 186,90,247,images/n03384167_13027.png
n03384167,0 , 282,25,173,images/n03384167_13124.png
n03384167,36 , 370,55,435,images/n03384167_13862.png
n03384167,44 , 177,6,146,images/n03384167_14496.png
n03384167,27 , 212,53,283,images/n03384167_14587.png
n03384167,111 , 169,13,272,images/n03384167_14669.png
n03384167,22 , 153,3,128,images/n03384167_14674.png
n03384167,1 , 172,5,148,images/n03384167_14881.png
n03384167,0 , 92,2,118,images/n03384167_15165.png
n03384167,157 , 490,96,192,images/n03384167_15189.png
<<<<<<< HEAD
n03384167,40 , 326,152,234,images/n03384167_15193.png
n03384167,0 , 357,86,205,images/n03384167_15231.png
n03384167,47 , 511,90,136,images/n03384167_15486.png
n03384167,85 , 395,140,336,images/n03384167_15527.png
n03384167,1 , 151,2,113,images/n03384167_15711.png
n03384167,90 , 370,76,131,images/n03384167_15721.png
n03384167,13 , 420,103,233,images/n03384167_16038.png
n03384167,0 , 468,22,324,images/n03384167_16375.png
n03384167,0 , 275,0,256,images/n03384167_16443.png
n03384167,0 , 833,77,286,images/n03384167_16503.png
n03384167,211 , 457,303,356,images/n03384167_17076.png
n03384167,142 , 497,0,259,images/n03384167_19013.png
n04284002,49 , 195,108,184,images/n04284002_329.png
n04284002,45 , 188,43,388,images/n04284002_349.png
n04284002,66 , 498,180,317,images/n04284002_396.png
n04284002,96 , 374,76,307,images/n04284002_566.png
n04284002,0 , 332,0,499,images/n04284002_573.png
n04284002,3 , 81,173,483,images/n04284002_640.png
n04284002,82 , 422,191,306,images/n04284002_908.png
n04284002,21 , 364,11,469,images/n04284002_1256.png
n04284002,51 , 262,332,482,images/n04284002_1264.png
n04284002,37 , 347,40,449,images/n04284002_1348.png
n04284002,163 , 463,268,350,images/n04284002_1427.png
n04284002,2 , 452,65,196,images/n04284002_1431.png
n04284002,184 , 230,235,324,images/n04284002_1533.png
n04284002,30 , 353,36,470,images/n04284002_1822.png
n04284002,86 , 332,276,483,images/n04284002_1969.png
n04284002,1 , 334,0,395,images/n04284002_1979.png
n04284002,121 , 255,5,234,images/n04284002_2140.png
n04284002,16 , 413,26,121,images/n04284002_2238.png
n04284002,17 , 260,287,476,images/n04284002_2376.png
n04284002,38 , 236,202,473,images/n04284002_3487.png
n04284002,140 , 237,15,471,images/n04284002_3490.png
n04284002,8 , 425,150,260,images/n04284002_3700.png
n04284002,31 , 239,304,404,images/n04284002_3710.png
n04284002,71 , 270,211,376,images/n04284002_3743.png
n04284002,35 , 354,33,457,images/n04284002_3745.png
n04284002,25 , 355,34,477,images/n04284002_3752.png
n04284002,61 , 181,218,375,images/n04284002_3793.png
n04284002,0 , 257,69,498,images/n04284002_3915.png
n04284002,9 , 368,31,484,images/n04284002_4290.png
n04284002,219 , 308,289,485,images/n04284002_4301.png
n04284002,151 , 239,56,472,images/n04284002_4495.png
n04284002,50 , 343,69,431,images/n04284002_4502.png
n04284002,153 , 217,85,118,images/n04284002_4514.png
n04284002,67 , 381,52,276,images/n04284002_4582.png
n04284002,107 , 365,117,219,images/n04284002_4897.png
n04284002,21 , 370,26,470,images/n04284002_5519.png
n04284002,182 , 323,85,157,images/n04284002_5883.png
n04284002,81 , 291,73,456,images/n04284002_6442.png
n04284002,25 , 354,30,474,images/n04284002_6618.png
n04284002,25 , 353,25,465,images/n04284002_6923.png
n04284002,47 , 318,68,408,images/n04284002_7075.png
n04284002,85 , 220,162,499,images/n04284002_7142.png
n04284002,25 , 356,26,468,images/n04284002_7171.png
n04284002,28 , 348,34,465,images/n04284002_7237.png
n04284002,58 , 181,3,304,images/n04284002_7283.png
n04284002,9 , 362,5,483,images/n04284002_7514.png
n04284002,10 , 365,15,486,images/n04284002_7646.png
n04284002,38 , 342,61,451,images/n04284002_7699.png
n04284002,145 , 264,219,497,images/n04284002_7776.png
n04284002,58 , 314,77,250,images/n04284002_7989.png
n04284002,106 , 178,11,234,images/n04284002_8153.png
n04284002,71 , 345,183,499,images/n04284002_8209.png
n04284002,126 , 362,334,401,images/n04284002_8249.png
n04284002,1 , 360,134,270,images/n04284002_8498.png
n04284002,108 , 346,238,498,images/n04284002_8592.png
n04284002,50 , 232,0,499,images/n04284002_8768.png
n04284002,0 , 374,0,499,images/n04284002_9024.png
n04284002,64 , 161,45,464,images/n04284002_9148.png
n04284002,275 , 346,86,414,images/n04284002_9249.png
n04284002,60 , 340,76,427,images/n04284002_9282.png
n04284002,37 , 359,53,452,images/n04284002_9386.png
n04284002,31 , 383,210,297,images/n04284002_9419.png
n04284002,340 , 428,12,252,images/n04284002_9543.png
n04284002,107 , 667,194,332,images/n04284002_9709.png
n04284002,110 , 490,235,325,images/n04284002_9871.png
n04284002,0 , 131,112,272,images/n04284002_9974.png
n04284002,26 , 241,0,396,images/n04284002_10189.png
n04284002,156 , 221,131,394,images/n04284002_10268.png
n04284002,171 , 265,329,408,images/n04284002_10420.png
n04284002,24 , 358,37,473,images/n04284002_10477.png
n04284002,35 , 187,33,257,images/n04284002_11104.png
n04284002,229 , 256,133,305,images/n04284002_11233.png
n04284002,124 , 292,65,492,images/n04284002_11297.png
n04284002,153 , 387,223,367,images/n04284002_11454.png
n04284002,90 , 255,0,393,images/n04284002_12104.png
n04284002,21 , 413,166,461,images/n04284002_12358.png
n04284002,171 , 271,116,311,images/n04284002_12720.png
n04284002,218 , 262,228,250,images/n04284002_12751.png
n04284002,48 , 343,60,434,images/n04284002_12943.png
n04284002,210 , 364,271,309,images/n04284002_13028.png
n04284002,107 , 373,258,431,images/n04284002_13333.png
n04284002,100 , 431,73,206,images/n04284002_13364.png
n04284002,39 , 350,62,445,images/n04284002_13370.png
n04284002,220 , 413,32,412,images/n04284002_13441.png
n04284002,180 , 260,143,485,images/n04284002_13848.png
n04284002,38 , 498,152,353,images/n04284002_14082.png
n04284002,66 , 462,60,140,images/n04284002_14261.png
n04284002,88 , 194,53,318,images/n04284002_14615.png
n04284002,64 , 343,343,410,images/n04284002_14801.png
n04284002,75 , 374,202,305,images/n04284002_14813.png
n04284002,73 , 375,0,71,images/n04284002_14872.png
n04284002,161 , 295,377,456,images/n04284002_14941.png
n04284002,28 , 478,128,221,images/n04284002_15007.png
n04284002,0 , 330,0,499,images/n04284002_15184.png
n04284002,33 , 498,191,295,images/n04284002_15357.png
n04284002,28 , 366,28,481,images/n04284002_15398.png
n04284002,211 , 301,367,454,images/n04284002_15602.png
n04284002,234 , 275,88,211,images/n04284002_15646.png
n04284002,42 , 335,65,418,images/n04284002_15734.png
n04284002,30 , 394,0,497,images/n04284002_15823.png
n04284002,37 , 332,187,309,images/n04284002_15856.png
n04284002,174 , 251,2,138,images/n04284002_15884.png
n04284002,0 , 135,296,499,images/n04284002_15945.png
n04284002,12 , 280,301,499,images/n04284002_15992.png
n04284002,73 , 295,140,189,images/n04284002_16100.png
n04284002,99 , 249,116,370,images/n04284002_16104.png
n04284002,70 , 190,69,266,images/n04284002_16150.png
n04284002,96 , 228,85,168,images/n04284002_16356.png
n04284002,40 , 315,75,255,images/n04284002_16881.png
n04284002,28 , 186,89,341,images/n04284002_17094.png
n04284002,44 , 333,150,339,images/n04284002_17364.png
n04284002,5 , 351,3,486,images/n04284002_17439.png
n04284002,201 , 487,0,296,images/n04284002_17486.png
n04284002,37 , 365,306,445,images/n04284002_17613.png
n04284002,131 , 361,397,466,images/n04284002_17736.png
n04284002,44 , 374,70,499,images/n04284002_18149.png
n04284002,111 , 315,126,296,images/n04284002_18703.png
n04284002,13 , 375,97,427,images/n04284002_18766.png
n04284002,16 , 485,40,156,images/n04284002_19219.png
n04284002,40 , 361,54,451,images/n04284002_19436.png
n04284002,18 , 361,20,474,images/n04284002_19452.png
n04284002,44 , 338,68,435,images/n04284002_19814.png
n04284002,124 , 198,20,433,images/n04284002_19954.png
n04284002,97 , 255,2,419,images/n04284002_20009.png
n04284002,179 , 295,140,499,images/n04284002_20247.png
n04284002,60 , 498,31,374,images/n04284002_20333.png
n04284002,73 , 476,227,313,images/n04284002_20512.png
n04284002,141 , 498,65,208,images/n04284002_20924.png
n04284002,114 , 374,132,499,images/n04284002_21125.png
n04284002,177 , 465,287,366,images/n04284002_21269.png
n04284002,130 , 300,82,499,images/n04284002_21334.png
n04284002,95 , 226,2,400,images/n04284002_21528.png
n04284002,6 , 493,136,255,images/n04284002_21944.png
n04284002,224 , 498,137,302,images/n04284002_22073.png
n04284002,17 , 363,36,475,images/n04284002_22085.png
n04284002,59 , 316,47,191,images/n04284002_22182.png
=======
n033
>>>>>>> 07c779b8a22280d9a4387ac572742a8211cc353d
